{"cameraMode":{"drawMode":0,"name":"Shaded","section":"Shading Mode"},"sceneLighting":false,"audioPlay":false,"sceneViewState":{"showFog":true,"showMaterialUpdate":false,"showSkybox":true,"showFlares":true,"showImageEffects":true,"showParticleSystems":true},"in2DMode":false,"pivot":{"x":1.1109153032302857,"y":-2.3180384635925295,"z":-0.20000001788139344},"rotation":{"x":-0.11791660636663437,"y":0.8181944489479065,"z":-0.18108345568180085,"w":-0.5327873229980469},"size":3.7601146697998049,"orthographic":false}