{"cameraMode":{"drawMode":0,"name":"Shaded","section":"Shading Mode"},"sceneLighting":false,"audioPlay":false,"sceneViewState":{"showFog":true,"showMaterialUpdate":false,"showSkybox":true,"showFlares":true,"showImageEffects":true,"showParticleSystems":true},"in2DMode":false,"pivot":{"x":0.04084789752960205,"y":0.19607067108154298,"z":0.0},"rotation":{"x":-0.11791660636663437,"y":0.8181944489479065,"z":-0.18108345568180085,"w":-0.5327873229980469},"size":5.982746124267578,"orthographic":false}